[
    {
        "title": "Can you help me with the vps?",
        "desc": "**No i  have alot to deal with use ours mods or use https://giybf.com/**"
    },
    {
        "title": "What are the os?",
        "desc": "**We have ubutnu/debian/centos and a bit of different versions**"
    },
    {
        "title": "What should i do if my vps dont work anymore?",
        "desc": "**First look at <#977635900232196136> to see if anything wrong then dm me if everything seem normal**"
    },
    {
        "title": "Can we do illegal stuff init",
        "desc": "**no ||jk lol do whatever you want|| + we do not watch your activity init**"
    },
    {
        "title": "Can i reset my vps? Or change os?",
        "desc": "**Yes just dm me but not every 2days**"
    },
    {
        "title": "How to connect to a vps?",
        "desc": "[click here](https://manage.accuwebhosting.com/knowledgebase/2051/How-do-I-connect-to-Linux-VPS-through-SSH-from-Linux-and-Windows-OS.html)"
    }
]